<?xml version="1.0" encoding="UTF-8" standalone="yes"?>
<parameters>
<parameter name="ANALOG_SEARCH">0</parameter>
<parameter name="CLUSTER_MIN_SIZE">4</parameter>
<parameter name="CREATE_CLUSTER_BUCKETS">0</parameter>
<parameter name="CREATE_TOPOLOGY_SIGNATURES">0</parameter>
<parameter name="FILTER_LIBRARY">1</parameter>
<parameter name="FILTER_PRECURSOR_WINDOW">1</parameter>
<parameter name="FILTER_STDDEV_PEAK_INT">0.0</parameter>
<parameter name="FIND_MATCHES_IN_PUBLIC_DATA">0</parameter>
<parameter name="MAXIMUM_COMPONENT_SIZE">100</parameter>
<parameter name="MAX_SHIFT_MASS">100.0</parameter>
<parameter name="MIN_MATCHED_PEAKS">5</parameter>
<parameter name="MIN_MATCHED_PEAKS_SEARCH">6</parameter>
<parameter name="MIN_PEAK_INT">0.0</parameter>
<parameter name="PAIRS_MIN_COSINE">0.65</parameter>
<parameter name="RUN_MSCLUSTER">on</parameter>
<parameter name="SCORE_THRESHOLD">0.7</parameter>
<parameter name="TOPK">10</parameter>
<parameter name="WINDOW_FILTER">1</parameter>
<parameter name="desc">20160915_AMG_v5_w_STD</parameter>
<parameter name="email">alexvmelnik@gmail.com</parameter>
<parameter name="library_on_server">d.speclibs;d.staticlibs;</parameter>
<parameter name="spec_on_server">f.amelnik/In_parallel_metobolomics/AMG_UKG/137ST_10uM.mzXML;f.amelnik/In_parallel_metobolomics/AMG_UKG/Mixall_10uM.mzXML;f.amelnik/In_parallel_metobolomics/AMG_UKG/Allmix_10uM.mzXML;</parameter>
<parameter name="spec_on_server_group2">f.amelnik/In_parallel_metobolomics/AMG_UKG_QE/15829.mzXML;f.amelnik/In_parallel_metobolomics/AMG_UKG_QE/20524.mzXML;f.amelnik/In_parallel_metobolomics/AMG_UKG_QE/20598.mzXML;f.amelnik/In_parallel_metobolomics/AMG_UKG_QE/28122.mzXML;f.amelnik/In_parallel_metobolomics/AMG_UKG_QE/28202.mzXML;f.amelnik/In_parallel_metobolomics/AMG_UKG_QE/28417.mzXML;f.amelnik/In_parallel_metobolomics/AMG_UKG_QE/28517.mzXML;f.amelnik/In_parallel_metobolomics/AMG_UKG_QE/28555.mzXML;f.amelnik/In_parallel_metobolomics/AMG_UKG_QE/28557.mzXML;f.amelnik/In_parallel_metobolomics/AMG_UKG_QE/28558.mzXML;f.amelnik/In_parallel_metobolomics/AMG_UKG_QE/29301.mzXML;f.amelnik/In_parallel_metobolomics/AMG_UKG_QE/29302.mzXML;f.amelnik/In_parallel_metobolomics/AMG_UKG_QE/29315.mzXML;f.amelnik/In_parallel_metobolomics/AMG_UKG_QE/29323.mzXML;f.amelnik/In_parallel_metobolomics/AMG_UKG_QE/29377.mzXML;f.amelnik/In_parallel_metobolomics/AMG_UKG_QE/29425.mzXML;f.amelnik/In_parallel_metobolomics/AMG_UKG_QE/29437.mzXML;f.amelnik/In_parallel_metobolomics/AMG_UKG_QE/29439.mzXML;f.amelnik/In_parallel_metobolomics/AMG_UKG_QE/29484.mzXML;f.amelnik/In_parallel_metobolomics/AMG_UKG_QE/29448.mzXML;f.amelnik/In_parallel_metobolomics/AMG_UKG_QE/29490.mzXML;f.amelnik/In_parallel_metobolomics/AMG_UKG_QE/29511.mzXML;f.amelnik/In_parallel_metobolomics/AMG_UKG_QE/29533.mzXML;f.amelnik/In_parallel_metobolomics/AMG_UKG_QE/29573.mzXML;f.amelnik/In_parallel_metobolomics/AMG_UKG_QE/29630.mzXML;f.amelnik/In_parallel_metobolomics/AMG_UKG_QE/29631.mzXML;f.amelnik/In_parallel_metobolomics/AMG_UKG_QE/29997.mzXML;f.amelnik/In_parallel_metobolomics/AMG_UKG_QE/30013.mzXML;f.amelnik/In_parallel_metobolomics/AMG_UKG_QE/30016.mzXML;f.amelnik/In_parallel_metobolomics/AMG_UKG_QE/30017.mzXML;f.amelnik/In_parallel_metobolomics/AMG_UKG_QE/30019.mzXML;f.amelnik/In_parallel_metobolomics/AMG_UKG_QE/30023.mzXML;f.amelnik/In_parallel_metobolomics/AMG_UKG_QE/30026.mzXML;f.amelnik/In_parallel_metobolomics/AMG_UKG_QE/30027.mzXML;f.amelnik/In_parallel_metobolomics/AMG_UKG_QE/30048.mzXML;f.amelnik/In_parallel_metobolomics/AMG_UKG_QE/30051.mzXML;f.amelnik/In_parallel_metobolomics/AMG_UKG_QE/30054.mzXML;f.amelnik/In_parallel_metobolomics/AMG_UKG_QE/30083.mzXML;f.amelnik/In_parallel_metobolomics/AMG_UKG_QE/30087.mzXML;f.amelnik/In_parallel_metobolomics/AMG_UKG_QE/30098.mzXML;f.amelnik/In_parallel_metobolomics/AMG_UKG_QE/30112.mzXML;f.amelnik/In_parallel_metobolomics/AMG_UKG_QE/30113.mzXML;f.amelnik/In_parallel_metobolomics/AMG_UKG_QE/30116.mzXML;f.amelnik/In_parallel_metobolomics/AMG_UKG_QE/30120.mzXML;f.amelnik/In_parallel_metobolomics/AMG_UKG_QE/30125.mzXML;f.amelnik/In_parallel_metobolomics/AMG_UKG_QE/30135.mzXML;f.amelnik/In_parallel_metobolomics/AMG_UKG_QE/30133.mzXML;f.amelnik/In_parallel_metobolomics/AMG_UKG_QE/30181.mzXML;f.amelnik/In_parallel_metobolomics/AMG_UKG_QE/30218.mzXML;f.amelnik/In_parallel_metobolomics/AMG_UKG_QE/30220.mzXML;f.amelnik/In_parallel_metobolomics/AMG_UKG_QE/30219.mzXML;f.amelnik/In_parallel_metobolomics/AMG_UKG_QE/30221.mzXML;f.amelnik/In_parallel_metobolomics/AMG_UKG_QE/30230.mzXML;f.amelnik/In_parallel_metobolomics/AMG_UKG_QE/30231.mzXML;f.amelnik/In_parallel_metobolomics/AMG_UKG_QE/30258.mzXML;f.amelnik/In_parallel_metobolomics/AMG_UKG_QE/30263.mzXML;f.amelnik/In_parallel_metobolomics/AMG_UKG_QE/30309.mzXML;f.amelnik/In_parallel_metobolomics/AMG_UKG_QE/30312.mzXML;f.amelnik/In_parallel_metobolomics/AMG_UKG_QE/30313.mzXML;f.amelnik/In_parallel_metobolomics/AMG_UKG_QE/30316.mzXML;f.amelnik/In_parallel_metobolomics/AMG_UKG_QE/30317.mzXML;f.amelnik/In_parallel_metobolomics/AMG_UKG_QE/30334.mzXML;f.amelnik/In_parallel_metobolomics/AMG_UKG_QE/30358.mzXML;f.amelnik/In_parallel_metobolomics/AMG_UKG_QE/30359.mzXML;f.amelnik/In_parallel_metobolomics/AMG_UKG_QE/30440.mzXML;f.amelnik/In_parallel_metobolomics/AMG_UKG_QE/30441.mzXML;f.amelnik/In_parallel_metobolomics/AMG_UKG_QE/30692.mzXML;f.amelnik/In_parallel_metobolomics/AMG_UKG_QE/30693.mzXML;f.amelnik/In_parallel_metobolomics/AMG_UKG_QE/30694.mzXML;f.amelnik/In_parallel_metobolomics/AMG_UKG_QE/30695.mzXML;f.amelnik/In_parallel_metobolomics/AMG_UKG_QE/31303.mzXML;f.amelnik/In_parallel_metobolomics/AMG_UKG_QE/33717.mzXML;</parameter>
<parameter name="spec_on_server_group3">f.amelnik/In_parallel_metobolomics/AMG_UKG_QE/10242_1_2.mzXML;f.amelnik/In_parallel_metobolomics/AMG_UKG_QE/12313_1_2.mzXML;f.amelnik/In_parallel_metobolomics/AMG_UKG_QE/12314_1_2.mzXML;f.amelnik/In_parallel_metobolomics/AMG_UKG_QE/16317_1_2.mzXML;f.amelnik/In_parallel_metobolomics/AMG_UKG_QE/18424_1_2.mzXML;f.amelnik/In_parallel_metobolomics/AMG_UKG_QE/18425_1_2.mzXML;f.amelnik/In_parallel_metobolomics/AMG_UKG_QE/22030_1_2.mzXML;f.amelnik/In_parallel_metobolomics/AMG_UKG_QE/22046_1_2.mzXML;f.amelnik/In_parallel_metobolomics/AMG_UKG_QE/22517_1_2.mzXML;f.amelnik/In_parallel_metobolomics/AMG_UKG_QE/22640_1_2.mzXML;f.amelnik/In_parallel_metobolomics/AMG_UKG_QE/23494_1_2.mzXML;f.amelnik/In_parallel_metobolomics/AMG_UKG_QE/23819_1_2.mzXML;f.amelnik/In_parallel_metobolomics/AMG_UKG_QE/26089_1_2.mzXML;f.amelnik/In_parallel_metobolomics/AMG_UKG_QE/26198_1_2.mzXML;f.amelnik/In_parallel_metobolomics/AMG_UKG_QE/26528_1_2.mzXML;f.amelnik/In_parallel_metobolomics/AMG_UKG_QE/26534_1_2.mzXML;f.amelnik/In_parallel_metobolomics/AMG_UKG_QE/27272_1_2.mzXML;f.amelnik/In_parallel_metobolomics/AMG_UKG_QE/27217_1_2.mzXML;f.amelnik/In_parallel_metobolomics/AMG_UKG_QE/27619_1_2.mzXML;f.amelnik/In_parallel_metobolomics/AMG_UKG_QE/27649_1_2.mzXML;f.amelnik/In_parallel_metobolomics/AMG_UKG_QE/27689_1_2.mzXML;f.amelnik/In_parallel_metobolomics/AMG_UKG_QE/27690_1_2.mzXML;f.amelnik/In_parallel_metobolomics/AMG_UKG_QE/28312_1_2.mzXML;f.amelnik/In_parallel_metobolomics/AMG_UKG_QE/28869_1_2.mzXML;f.amelnik/In_parallel_metobolomics/AMG_UKG_QE/28881_1_2.mzXML;f.amelnik/In_parallel_metobolomics/AMG_UKG_QE/28922_1_2.mzXML;f.amelnik/In_parallel_metobolomics/AMG_UKG_QE/28923_1_2.mzXML;f.amelnik/In_parallel_metobolomics/AMG_UKG_QE/29184_1_2.mzXML;f.amelnik/In_parallel_metobolomics/AMG_UKG_QE/31151_1_2.mzXML;f.amelnik/In_parallel_metobolomics/AMG_UKG_QE/31296_1_2.mzXML;f.amelnik/In_parallel_metobolomics/AMG_UKG_QE/31300_1_2.mzXML;f.amelnik/In_parallel_metobolomics/AMG_UKG_QE/31801_1_2.mzXML;f.amelnik/In_parallel_metobolomics/AMG_UKG_QE/31860_1_2.mzXML;f.amelnik/In_parallel_metobolomics/AMG_UKG_QE/32615_1_2.mzXML;f.amelnik/In_parallel_metobolomics/AMG_UKG_QE/6947_1_2.mzXML;</parameter>
<parameter name="spec_on_server_group4">f.amelnik/In_parallel_metobolomics/AMG_UKG/Blank_SWAB.mzXML;f.amelnik/In_parallel_metobolomics/AMG_UKG/BLANK_86_A10.mzXML;f.amelnik/In_parallel_metobolomics/AMG_UKG/Solvent.mzXML;f.amelnik/In_parallel_metobolomics/AMG_UKG/Solvent_1_2.mzXML;</parameter>
<parameter name="task">25fa4086e85f469196d6a10e47a6ef86</parameter>
<parameter name="tolerance.Ion_tolerance">0.5</parameter>
<parameter name="tolerance.PM_tolerance">2.0</parameter>
<parameter name="upload_file_mapping">spec-00000.mzXML|amelnik/In_parallel_metobolomics/AMG_UKG/137ST_10uM.mzXML</parameter>
<parameter name="upload_file_mapping">spec-00001.mzXML|amelnik/In_parallel_metobolomics/AMG_UKG/Mixall_10uM.mzXML</parameter>
<parameter name="upload_file_mapping">spec-00002.mzXML|amelnik/In_parallel_metobolomics/AMG_UKG/Allmix_10uM.mzXML</parameter>
<parameter name="upload_file_mapping">spectwo-00000.mzXML|amelnik/In_parallel_metobolomics/AMG_UKG_QE/15829.mzXML</parameter>
<parameter name="upload_file_mapping">spectwo-00001.mzXML|amelnik/In_parallel_metobolomics/AMG_UKG_QE/20524.mzXML</parameter>
<parameter name="upload_file_mapping">spectwo-00002.mzXML|amelnik/In_parallel_metobolomics/AMG_UKG_QE/20598.mzXML</parameter>
<parameter name="upload_file_mapping">spectwo-00003.mzXML|amelnik/In_parallel_metobolomics/AMG_UKG_QE/28122.mzXML</parameter>
<parameter name="upload_file_mapping">spectwo-00004.mzXML|amelnik/In_parallel_metobolomics/AMG_UKG_QE/28202.mzXML</parameter>
<parameter name="upload_file_mapping">spectwo-00005.mzXML|amelnik/In_parallel_metobolomics/AMG_UKG_QE/28417.mzXML</parameter>
<parameter name="upload_file_mapping">spectwo-00006.mzXML|amelnik/In_parallel_metobolomics/AMG_UKG_QE/28517.mzXML</parameter>
<parameter name="upload_file_mapping">spectwo-00007.mzXML|amelnik/In_parallel_metobolomics/AMG_UKG_QE/28555.mzXML</parameter>
<parameter name="upload_file_mapping">spectwo-00008.mzXML|amelnik/In_parallel_metobolomics/AMG_UKG_QE/28557.mzXML</parameter>
<parameter name="upload_file_mapping">spectwo-00009.mzXML|amelnik/In_parallel_metobolomics/AMG_UKG_QE/28558.mzXML</parameter>
<parameter name="upload_file_mapping">spectwo-00010.mzXML|amelnik/In_parallel_metobolomics/AMG_UKG_QE/29301.mzXML</parameter>
<parameter name="upload_file_mapping">spectwo-00011.mzXML|amelnik/In_parallel_metobolomics/AMG_UKG_QE/29302.mzXML</parameter>
<parameter name="upload_file_mapping">spectwo-00012.mzXML|amelnik/In_parallel_metobolomics/AMG_UKG_QE/29315.mzXML</parameter>
<parameter name="upload_file_mapping">spectwo-00013.mzXML|amelnik/In_parallel_metobolomics/AMG_UKG_QE/29323.mzXML</parameter>
<parameter name="upload_file_mapping">spectwo-00014.mzXML|amelnik/In_parallel_metobolomics/AMG_UKG_QE/29377.mzXML</parameter>
<parameter name="upload_file_mapping">spectwo-00015.mzXML|amelnik/In_parallel_metobolomics/AMG_UKG_QE/29425.mzXML</parameter>
<parameter name="upload_file_mapping">spectwo-00016.mzXML|amelnik/In_parallel_metobolomics/AMG_UKG_QE/29437.mzXML</parameter>
<parameter name="upload_file_mapping">spectwo-00017.mzXML|amelnik/In_parallel_metobolomics/AMG_UKG_QE/29439.mzXML</parameter>
<parameter name="upload_file_mapping">spectwo-00018.mzXML|amelnik/In_parallel_metobolomics/AMG_UKG_QE/29484.mzXML</parameter>
<parameter name="upload_file_mapping">spectwo-00019.mzXML|amelnik/In_parallel_metobolomics/AMG_UKG_QE/29448.mzXML</parameter>
<parameter name="upload_file_mapping">spectwo-00020.mzXML|amelnik/In_parallel_metobolomics/AMG_UKG_QE/29490.mzXML</parameter>
<parameter name="upload_file_mapping">spectwo-00021.mzXML|amelnik/In_parallel_metobolomics/AMG_UKG_QE/29511.mzXML</parameter>
<parameter name="upload_file_mapping">spectwo-00022.mzXML|amelnik/In_parallel_metobolomics/AMG_UKG_QE/29533.mzXML</parameter>
<parameter name="upload_file_mapping">spectwo-00023.mzXML|amelnik/In_parallel_metobolomics/AMG_UKG_QE/29573.mzXML</parameter>
<parameter name="upload_file_mapping">spectwo-00024.mzXML|amelnik/In_parallel_metobolomics/AMG_UKG_QE/29630.mzXML</parameter>
<parameter name="upload_file_mapping">spectwo-00025.mzXML|amelnik/In_parallel_metobolomics/AMG_UKG_QE/29631.mzXML</parameter>
<parameter name="upload_file_mapping">spectwo-00026.mzXML|amelnik/In_parallel_metobolomics/AMG_UKG_QE/29997.mzXML</parameter>
<parameter name="upload_file_mapping">spectwo-00027.mzXML|amelnik/In_parallel_metobolomics/AMG_UKG_QE/30013.mzXML</parameter>
<parameter name="upload_file_mapping">spectwo-00028.mzXML|amelnik/In_parallel_metobolomics/AMG_UKG_QE/30016.mzXML</parameter>
<parameter name="upload_file_mapping">spectwo-00029.mzXML|amelnik/In_parallel_metobolomics/AMG_UKG_QE/30017.mzXML</parameter>
<parameter name="upload_file_mapping">spectwo-00030.mzXML|amelnik/In_parallel_metobolomics/AMG_UKG_QE/30019.mzXML</parameter>
<parameter name="upload_file_mapping">spectwo-00031.mzXML|amelnik/In_parallel_metobolomics/AMG_UKG_QE/30023.mzXML</parameter>
<parameter name="upload_file_mapping">spectwo-00032.mzXML|amelnik/In_parallel_metobolomics/AMG_UKG_QE/30026.mzXML</parameter>
<parameter name="upload_file_mapping">spectwo-00033.mzXML|amelnik/In_parallel_metobolomics/AMG_UKG_QE/30027.mzXML</parameter>
<parameter name="upload_file_mapping">spectwo-00034.mzXML|amelnik/In_parallel_metobolomics/AMG_UKG_QE/30048.mzXML</parameter>
<parameter name="upload_file_mapping">spectwo-00035.mzXML|amelnik/In_parallel_metobolomics/AMG_UKG_QE/30051.mzXML</parameter>
<parameter name="upload_file_mapping">spectwo-00036.mzXML|amelnik/In_parallel_metobolomics/AMG_UKG_QE/30054.mzXML</parameter>
<parameter name="upload_file_mapping">spectwo-00037.mzXML|amelnik/In_parallel_metobolomics/AMG_UKG_QE/30083.mzXML</parameter>
<parameter name="upload_file_mapping">spectwo-00038.mzXML|amelnik/In_parallel_metobolomics/AMG_UKG_QE/30087.mzXML</parameter>
<parameter name="upload_file_mapping">spectwo-00039.mzXML|amelnik/In_parallel_metobolomics/AMG_UKG_QE/30098.mzXML</parameter>
<parameter name="upload_file_mapping">spectwo-00040.mzXML|amelnik/In_parallel_metobolomics/AMG_UKG_QE/30112.mzXML</parameter>
<parameter name="upload_file_mapping">spectwo-00041.mzXML|amelnik/In_parallel_metobolomics/AMG_UKG_QE/30113.mzXML</parameter>
<parameter name="upload_file_mapping">spectwo-00042.mzXML|amelnik/In_parallel_metobolomics/AMG_UKG_QE/30116.mzXML</parameter>
<parameter name="upload_file_mapping">spectwo-00043.mzXML|amelnik/In_parallel_metobolomics/AMG_UKG_QE/30120.mzXML</parameter>
<parameter name="upload_file_mapping">spectwo-00044.mzXML|amelnik/In_parallel_metobolomics/AMG_UKG_QE/30125.mzXML</parameter>
<parameter name="upload_file_mapping">spectwo-00045.mzXML|amelnik/In_parallel_metobolomics/AMG_UKG_QE/30135.mzXML</parameter>
<parameter name="upload_file_mapping">spectwo-00046.mzXML|amelnik/In_parallel_metobolomics/AMG_UKG_QE/30133.mzXML</parameter>
<parameter name="upload_file_mapping">spectwo-00047.mzXML|amelnik/In_parallel_metobolomics/AMG_UKG_QE/30181.mzXML</parameter>
<parameter name="upload_file_mapping">spectwo-00048.mzXML|amelnik/In_parallel_metobolomics/AMG_UKG_QE/30218.mzXML</parameter>
<parameter name="upload_file_mapping">spectwo-00049.mzXML|amelnik/In_parallel_metobolomics/AMG_UKG_QE/30220.mzXML</parameter>
<parameter name="upload_file_mapping">spectwo-00050.mzXML|amelnik/In_parallel_metobolomics/AMG_UKG_QE/30219.mzXML</parameter>
<parameter name="upload_file_mapping">spectwo-00051.mzXML|amelnik/In_parallel_metobolomics/AMG_UKG_QE/30221.mzXML</parameter>
<parameter name="upload_file_mapping">spectwo-00052.mzXML|amelnik/In_parallel_metobolomics/AMG_UKG_QE/30230.mzXML</parameter>
<parameter name="upload_file_mapping">spectwo-00053.mzXML|amelnik/In_parallel_metobolomics/AMG_UKG_QE/30231.mzXML</parameter>
<parameter name="upload_file_mapping">spectwo-00054.mzXML|amelnik/In_parallel_metobolomics/AMG_UKG_QE/30258.mzXML</parameter>
<parameter name="upload_file_mapping">spectwo-00055.mzXML|amelnik/In_parallel_metobolomics/AMG_UKG_QE/30263.mzXML</parameter>
<parameter name="upload_file_mapping">spectwo-00056.mzXML|amelnik/In_parallel_metobolomics/AMG_UKG_QE/30309.mzXML</parameter>
<parameter name="upload_file_mapping">spectwo-00057.mzXML|amelnik/In_parallel_metobolomics/AMG_UKG_QE/30312.mzXML</parameter>
<parameter name="upload_file_mapping">spectwo-00058.mzXML|amelnik/In_parallel_metobolomics/AMG_UKG_QE/30313.mzXML</parameter>
<parameter name="upload_file_mapping">spectwo-00059.mzXML|amelnik/In_parallel_metobolomics/AMG_UKG_QE/30316.mzXML</parameter>
<parameter name="upload_file_mapping">spectwo-00060.mzXML|amelnik/In_parallel_metobolomics/AMG_UKG_QE/30317.mzXML</parameter>
<parameter name="upload_file_mapping">spectwo-00061.mzXML|amelnik/In_parallel_metobolomics/AMG_UKG_QE/30334.mzXML</parameter>
<parameter name="upload_file_mapping">spectwo-00062.mzXML|amelnik/In_parallel_metobolomics/AMG_UKG_QE/30358.mzXML</parameter>
<parameter name="upload_file_mapping">spectwo-00063.mzXML|amelnik/In_parallel_metobolomics/AMG_UKG_QE/30359.mzXML</parameter>
<parameter name="upload_file_mapping">spectwo-00064.mzXML|amelnik/In_parallel_metobolomics/AMG_UKG_QE/30440.mzXML</parameter>
<parameter name="upload_file_mapping">spectwo-00065.mzXML|amelnik/In_parallel_metobolomics/AMG_UKG_QE/30441.mzXML</parameter>
<parameter name="upload_file_mapping">spectwo-00066.mzXML|amelnik/In_parallel_metobolomics/AMG_UKG_QE/30692.mzXML</parameter>
<parameter name="upload_file_mapping">spectwo-00067.mzXML|amelnik/In_parallel_metobolomics/AMG_UKG_QE/30693.mzXML</parameter>
<parameter name="upload_file_mapping">spectwo-00068.mzXML|amelnik/In_parallel_metobolomics/AMG_UKG_QE/30694.mzXML</parameter>
<parameter name="upload_file_mapping">spectwo-00069.mzXML|amelnik/In_parallel_metobolomics/AMG_UKG_QE/30695.mzXML</parameter>
<parameter name="upload_file_mapping">spectwo-00070.mzXML|amelnik/In_parallel_metobolomics/AMG_UKG_QE/31303.mzXML</parameter>
<parameter name="upload_file_mapping">spectwo-00071.mzXML|amelnik/In_parallel_metobolomics/AMG_UKG_QE/33717.mzXML</parameter>
<parameter name="upload_file_mapping">specthree-00000.mzXML|amelnik/In_parallel_metobolomics/AMG_UKG_QE/10242_1_2.mzXML</parameter>
<parameter name="upload_file_mapping">specthree-00001.mzXML|amelnik/In_parallel_metobolomics/AMG_UKG_QE/12313_1_2.mzXML</parameter>
<parameter name="upload_file_mapping">specthree-00002.mzXML|amelnik/In_parallel_metobolomics/AMG_UKG_QE/12314_1_2.mzXML</parameter>
<parameter name="upload_file_mapping">specthree-00003.mzXML|amelnik/In_parallel_metobolomics/AMG_UKG_QE/16317_1_2.mzXML</parameter>
<parameter name="upload_file_mapping">specthree-00004.mzXML|amelnik/In_parallel_metobolomics/AMG_UKG_QE/18424_1_2.mzXML</parameter>
<parameter name="upload_file_mapping">specthree-00005.mzXML|amelnik/In_parallel_metobolomics/AMG_UKG_QE/18425_1_2.mzXML</parameter>
<parameter name="upload_file_mapping">specthree-00006.mzXML|amelnik/In_parallel_metobolomics/AMG_UKG_QE/22030_1_2.mzXML</parameter>
<parameter name="upload_file_mapping">specthree-00007.mzXML|amelnik/In_parallel_metobolomics/AMG_UKG_QE/22046_1_2.mzXML</parameter>
<parameter name="upload_file_mapping">specthree-00008.mzXML|amelnik/In_parallel_metobolomics/AMG_UKG_QE/22517_1_2.mzXML</parameter>
<parameter name="upload_file_mapping">specthree-00009.mzXML|amelnik/In_parallel_metobolomics/AMG_UKG_QE/22640_1_2.mzXML</parameter>
<parameter name="upload_file_mapping">specthree-00010.mzXML|amelnik/In_parallel_metobolomics/AMG_UKG_QE/23494_1_2.mzXML</parameter>
<parameter name="upload_file_mapping">specthree-00011.mzXML|amelnik/In_parallel_metobolomics/AMG_UKG_QE/23819_1_2.mzXML</parameter>
<parameter name="upload_file_mapping">specthree-00012.mzXML|amelnik/In_parallel_metobolomics/AMG_UKG_QE/26089_1_2.mzXML</parameter>
<parameter name="upload_file_mapping">specthree-00013.mzXML|amelnik/In_parallel_metobolomics/AMG_UKG_QE/26198_1_2.mzXML</parameter>
<parameter name="upload_file_mapping">specthree-00014.mzXML|amelnik/In_parallel_metobolomics/AMG_UKG_QE/26528_1_2.mzXML</parameter>
<parameter name="upload_file_mapping">specthree-00015.mzXML|amelnik/In_parallel_metobolomics/AMG_UKG_QE/26534_1_2.mzXML</parameter>
<parameter name="upload_file_mapping">specthree-00016.mzXML|amelnik/In_parallel_metobolomics/AMG_UKG_QE/27272_1_2.mzXML</parameter>
<parameter name="upload_file_mapping">specthree-00017.mzXML|amelnik/In_parallel_metobolomics/AMG_UKG_QE/27217_1_2.mzXML</parameter>
<parameter name="upload_file_mapping">specthree-00018.mzXML|amelnik/In_parallel_metobolomics/AMG_UKG_QE/27619_1_2.mzXML</parameter>
<parameter name="upload_file_mapping">specthree-00019.mzXML|amelnik/In_parallel_metobolomics/AMG_UKG_QE/27649_1_2.mzXML</parameter>
<parameter name="upload_file_mapping">specthree-00020.mzXML|amelnik/In_parallel_metobolomics/AMG_UKG_QE/27689_1_2.mzXML</parameter>
<parameter name="upload_file_mapping">specthree-00021.mzXML|amelnik/In_parallel_metobolomics/AMG_UKG_QE/27690_1_2.mzXML</parameter>
<parameter name="upload_file_mapping">specthree-00022.mzXML|amelnik/In_parallel_metobolomics/AMG_UKG_QE/28312_1_2.mzXML</parameter>
<parameter name="upload_file_mapping">specthree-00023.mzXML|amelnik/In_parallel_metobolomics/AMG_UKG_QE/28869_1_2.mzXML</parameter>
<parameter name="upload_file_mapping">specthree-00024.mzXML|amelnik/In_parallel_metobolomics/AMG_UKG_QE/28881_1_2.mzXML</parameter>
<parameter name="upload_file_mapping">specthree-00025.mzXML|amelnik/In_parallel_metobolomics/AMG_UKG_QE/28922_1_2.mzXML</parameter>
<parameter name="upload_file_mapping">specthree-00026.mzXML|amelnik/In_parallel_metobolomics/AMG_UKG_QE/28923_1_2.mzXML</parameter>
<parameter name="upload_file_mapping">specthree-00027.mzXML|amelnik/In_parallel_metobolomics/AMG_UKG_QE/29184_1_2.mzXML</parameter>
<parameter name="upload_file_mapping">specthree-00028.mzXML|amelnik/In_parallel_metobolomics/AMG_UKG_QE/31151_1_2.mzXML</parameter>
<parameter name="upload_file_mapping">specthree-00029.mzXML|amelnik/In_parallel_metobolomics/AMG_UKG_QE/31296_1_2.mzXML</parameter>
<parameter name="upload_file_mapping">specthree-00030.mzXML|amelnik/In_parallel_metobolomics/AMG_UKG_QE/31300_1_2.mzXML</parameter>
<parameter name="upload_file_mapping">specthree-00031.mzXML|amelnik/In_parallel_metobolomics/AMG_UKG_QE/31801_1_2.mzXML</parameter>
<parameter name="upload_file_mapping">specthree-00032.mzXML|amelnik/In_parallel_metobolomics/AMG_UKG_QE/31860_1_2.mzXML</parameter>
<parameter name="upload_file_mapping">specthree-00033.mzXML|amelnik/In_parallel_metobolomics/AMG_UKG_QE/32615_1_2.mzXML</parameter>
<parameter name="upload_file_mapping">specthree-00034.mzXML|amelnik/In_parallel_metobolomics/AMG_UKG_QE/6947_1_2.mzXML</parameter>
<parameter name="upload_file_mapping">specfour-00000.mzXML|amelnik/In_parallel_metobolomics/AMG_UKG/Blank_SWAB.mzXML</parameter>
<parameter name="upload_file_mapping">specfour-00001.mzXML|amelnik/In_parallel_metobolomics/AMG_UKG/BLANK_86_A10.mzXML</parameter>
<parameter name="upload_file_mapping">specfour-00002.mzXML|amelnik/In_parallel_metobolomics/AMG_UKG/Solvent.mzXML</parameter>
<parameter name="upload_file_mapping">specfour-00003.mzXML|amelnik/In_parallel_metobolomics/AMG_UKG/Solvent_1_2.mzXML</parameter>
<parameter name="upload_file_mapping">lib-00000.mgf|speclibs/MASSBANK/MASSBANK.mgf</parameter>
<parameter name="upload_file_mapping">lib-00001.mgf|speclibs/GNPS-NIH-CLINICALCOLLECTION1/GNPS-NIH-CLINICALCOLLECTION1.mgf</parameter>
<parameter name="upload_file_mapping">lib-00002.mgf|speclibs/HMDB/HMDB.mgf</parameter>
<parameter name="upload_file_mapping">lib-00003.mgf|speclibs/DEREPLICATOR_IDENTIFIED_LIBRARY/DEREPLICATOR_IDENTIFIED_LIBRARY.mgf</parameter>
<parameter name="upload_file_mapping">lib-00004.mgf|speclibs/GNPS-SELLECKCHEM-FDA-PART1/GNPS-SELLECKCHEM-FDA-PART1.mgf</parameter>
<parameter name="upload_file_mapping">lib-00005.mgf|speclibs/RESPECT/RESPECT.mgf</parameter>
<parameter name="upload_file_mapping">lib-00006.mgf|speclibs/GNPS-FAULKNERLEGACY/GNPS-FAULKNERLEGACY.mgf</parameter>
<parameter name="upload_file_mapping">lib-00007.mgf|speclibs/MASSBANKEU/MASSBANKEU.mgf</parameter>
<parameter name="upload_file_mapping">lib-00008.mgf|speclibs/GNPS-LIBRARY/GNPS-LIBRARY.mgf</parameter>
<parameter name="upload_file_mapping">lib-00009.mgf|speclibs/GNPS-PRESTWICKPHYTOCHEM/GNPS-PRESTWICKPHYTOCHEM.mgf</parameter>
<parameter name="upload_file_mapping">lib-00010.mgf|speclibs/GNPS-EMBL-MCF/GNPS-EMBL-MCF.mgf</parameter>
<parameter name="upload_file_mapping">lib-00011.mgf|speclibs/GNPS-NIH-CLINICALCOLLECTION2/GNPS-NIH-CLINICALCOLLECTION2.mgf</parameter>
<parameter name="upload_file_mapping">lib-00012.mgf|speclibs/GNPS-NIH-SMALLMOLECULEPHARMACOLOGICALLYACTIVE/GNPS-NIH-SMALLMOLECULEPHARMACOLOGICALLYACTIVE.mgf</parameter>
<parameter name="upload_file_mapping">lib-00013.mgf|speclibs/GNPS-SELLECKCHEM-FDA-PART2/GNPS-SELLECKCHEM-FDA-PART2.mgf</parameter>
<parameter name="upload_file_mapping">lib-00014.mgf|speclibs/GNPS-NIH-NATURALPRODUCTSLIBRARY/GNPS-NIH-NATURALPRODUCTSLIBRARY.mgf</parameter>
<parameter name="upload_file_mapping">lib-00015.mgf|speclibs/CASMI/CASMI.mgf</parameter>
<parameter name="upload_file_mapping">lib-00016.mgf|speclibs/MONA/MONA.mgf</parameter>
<parameter name="upload_file_mapping">lib-00017.mgf|staticlibs/Metlin/metlin_library.mgf</parameter>
<parameter name="upload_file_mapping">lib-00018.mgf|staticlibs/MoNA/MONA.mgf</parameter>
<parameter name="upload_file_mapping">lib-00019.mgf|staticlibs/ReSpect/respect_8_1_2014_GNPS_library.mgf</parameter>
<parameter name="upload_file_mapping">lib-00020.mgf|staticlibs/NIST_14/NIST14_library.mgf</parameter>
<parameter name="upload_file_mapping">lib-00021.mgf|staticlibs/Massbank/MASSBANKEU.mgf</parameter>
<parameter name="upload_file_mapping">lib-00022.mgf|staticlibs/Massbank/Massbank_ESI_positive_8_1_2014_library.mgf</parameter>
<parameter name="upload_file_mapping">lib-00023.mgf|staticlibs/Lipidblast/LipidBlast_Posi_Plasma_vs2.mgf</parameter>
<parameter name="upload_file_mapping">lib-00024.mgf|staticlibs/Lipidblast/LipidBlast_Nega_Algae_vs5.mgf</parameter>
<parameter name="upload_file_mapping">lib-00025.mgf|staticlibs/Lipidblast/LipidBlast_Nega_Plasma_vs2.mgf</parameter>
<parameter name="upload_file_mapping">lib-00026.mgf|staticlibs/Lipidblast/LipidBlast_Posi_Algae_vs11.mgf</parameter>
<parameter name="upload_file_mapping">lib-00027.mgf|staticlibs/Contamininants/contaminants.mgf</parameter>
<parameter name="upload_file_mapping">lib-00028.mgf|staticlibs/Metlin_Obselete/metlin_interim_library.mgf</parameter>
<parameter name="upload_file_mapping">lib-00029.mgf|staticlibs/HMDB/hmdb_library.mgf</parameter>
<parameter name="upload_file_mapping">lib-00030.mgf|staticlibs/Insilico_Libraries_Testing/FAHFA_Hneg_positional_library.mgf</parameter>
<parameter name="upload_file_mapping">lib-00031.mgf|staticlibs/Insilico_Libraries_Testing/FAHFA-Hneg.msp_library.mgf</parameter>
<parameter name="user">amelnik</parameter>
<parameter name="uuid">1DDFE6B2-BDA7-0001-6DEC-1C105BAA55C0</parameter>
<parameter name="workflow">METABOLOMICS-SNETS</parameter>
</parameters>
